<?xml version="1.0" encoding="UTF-8"?>
<!DOCTYPE fontscolors PUBLIC "-//NetBeans//DTD Editor Fonts and Colors settings 1.1//EN" "http://www.netbeans.org/dtds/EditorFontsColors-1_1.dtd">
<fontscolors>
    <fontcolor bgColor="ffffbbbb" name="error" waveUnderlined="ffbb0000"/>
    <fontcolor foreColor="ffbb7722" name="char"/>
    <fontcolor foreColor="ff2277bb" name="keyword"/>
    <fontcolor name="whitespace"/>
    <fontcolor foreColor="ffbb2277" name="number"/>
    <fontcolor default="keyword" name="markup-element"/>
    <fontcolor name="operator"/>
    <fontcolor name="url" underline="ff2277bb"/>
    <fontcolor default="identifier" foreColor="ff22bb77" name="field"/>
    <fontcolor bgColor="white" foreColor="ff222222" name="default"/>
    <fontcolor foreColor="ffbb7722" name="string"/>
    <fontcolor default="string" name="markup-attribute-value"/>
    <fontcolor default="default" foreColor="black" name="entity-reference">
        <font style="bold"/>
    </fontcolor>
    <fontcolor default="identifier" name="method"/>
    <fontcolor foreColor="ffbbbbbb" name="comment"/>
    <fontcolor name="identifier"/>
    <fontcolor bgColor="ffffbb77" name="warning" waveUnderlined="ffffff77"/>
    <fontcolor name="separator"/>
    <fontcolor default="field" name="markup-attribute"/>
</fontscolors>
